{
    "COLOR SWATCH": {
        "Size": [
            320,
            45
        ],
        "Pos": [
            443,
            69.5,
            0
        ],
        "Anx": [
            960,
            540,
            0
        ],
        "Scl": [
            100,
            100,
            100
        ]
    },
    "MASCOT": {
        "Size": [
            1000,
            1000
        ],
        "Pos": [
            500,
            500,
            0
        ],
        "Anx": [
            1521.25,
            472.1,
            0
        ],
        "Scl": [
            640,
            639.999999999999,
            100
        ]
    },
    "MASCOT OUTLINE": {
        "Size": [
            1000,
            1000
        ],
        "Pos": [
            500,
            500,
            0
        ],
        "Anx": [
            1336.2,
            470.3,
            0
        ],
        "Scl": [
            640,
            639.999999999999,
            100
        ]
    },
    "PRIMARY LOGO": {
        "Size": [
            1000,
            1000
        ],
        "Pos": [
            500,
            500,
            0
        ],
        "Anx": [
            162.75,
            285.5,
            0
        ],
        "Scl": [
            640,
            639.999999999999,
            100
        ]
    },
    "PRIMARY LOGO KNOCKOUT": {
        "Size": [
            1000,
            1000
        ],
        "Pos": [
            500,
            500,
            0
        ],
        "Anx": [
            162.75,
            471.75,
            0
        ],
        "Scl": [
            640,
            639.999999999999,
            100
        ]
    },
    "PRIMARY LOGO OUTLINE": {
        "Size": [
            1000,
            1000
        ],
        "Pos": [
            500,
            500,
            0
        ],
        "Anx": [
            1150,
            471,
            0
        ],
        "Scl": [
            640,
            639.999999999999,
            100
        ]
    },
    "SECONDARY LOGO": {
        "Size": [
            1000,
            1000
        ],
        "Pos": [
            500,
            500,
            0
        ],
        "Anx": [
            347.85,
            285.6,
            0
        ],
        "Scl": [
            640,
            639.999999999999,
            100
        ]
    },
    "SECONDARY LOGO KNOCKOUT": {
        "Size": [
            1000,
            1000
        ],
        "Pos": [
            500,
            500,
            0
        ],
        "Anx": [
            348,
            471.3,
            0
        ],
        "Scl": [
            640,
            639.999999999999,
            100
        ]
    },
    "SECONDARY LOGO OUTLINE": {
        "Size": [
            1000,
            1000
        ],
        "Pos": [
            500,
            500,
            0
        ],
        "Anx": [
            1336,
            470.75,
            0
        ],
        "Scl": [
            640,
            639.999999999999,
            100
        ]
    },
    "WORDMARK 1": {
        "Size": [
            1000,
            342
        ],
        "Pos": [
            500,
            171,
            0
        ],
        "Anx": [
            675.7,
            262.9,
            0
        ],
        "Scl": [
            300,
            299.999999999999,
            100
        ]
    },
    "WORDMARK 2": {
        "Size": [
            1000,
            342
        ],
        "Pos": [
            500,
            171,
            0
        ],
        "Anx": [
            1237.9,
            636.3,
            0
        ],
        "Scl": [
            300,
            299.999999999999,
            100
        ]
    }
}